Date,Available Jobs
2026-01-03,10318

2026-01-04,9916
2026-01-05,9651
2026-01-06,10196
2026-01-07,10336
2026-01-08,10075
2026-01-09,10553
2026-01-10,11836
2026-01-11,11313
2026-01-12,11141
2026-01-13,12500
2026-01-14,13859
2026-01-15,15130
2026-01-16,17154
2026-01-17,17289
2026-01-18,16918
2026-01-19,16398
2026-01-20,17333
2026-01-21,19022
2026-01-22,19173
2026-01-23,19358
2026-01-24,20738
2026-01-25,20820
2026-01-26,20988
2026-01-27,21531
2026-01-28,21924
2026-01-29,22201
2026-01-30,22581
2026-01-31,22886
